{
  "parent": "minecraft:item/generated",
  "overrides": [
    {
      "model": "norsemc:item/jeans_quartz_trim",
      "predicate": {
        "minecraft:trim_type": 0.1
      }
    },
    {
      "model": "norsemc:item/jeans_iron_trim",
      "predicate": {
        "minecraft:trim_type": 0.2
      }
    },
    {
      "model": "norsemc:item/jeans_netherite_trim",
      "predicate": {
        "minecraft:trim_type": 0.3
      }
    },
    {
      "model": "norsemc:item/jeans_redstone_trim",
      "predicate": {
        "minecraft:trim_type": 0.4
      }
    },
    {
      "model": "norsemc:item/jeans_copper_trim",
      "predicate": {
        "minecraft:trim_type": 0.5
      }
    },
    {
      "model": "norsemc:item/jeans_gold_trim",
      "predicate": {
        "minecraft:trim_type": 0.6
      }
    },
    {
      "model": "norsemc:item/jeans_emerald_trim",
      "predicate": {
        "minecraft:trim_type": 0.7
      }
    },
    {
      "model": "norsemc:item/jeans_diamond_trim",
      "predicate": {
        "minecraft:trim_type": 0.8
      }
    },
    {
      "model": "norsemc:item/jeans_lapis_trim",
      "predicate": {
        "minecraft:trim_type": 0.9
      }
    },
    {
      "model": "norsemc:item/jeans_amethyst_trim",
      "predicate": {
        "minecraft:trim_type": 1.0
      }
    }
  ],
  "textures": {
    "layer0": "norsemc:item/jeans"
  }
}