{
  "parent": "minecraft:item/generated",
  "overrides": [
    {
      "model": "norsemc:item/valhalla_shirt_quartz_trim",
      "predicate": {
        "minecraft:trim_type": 0.1
      }
    },
    {
      "model": "norsemc:item/valhalla_shirt_iron_trim",
      "predicate": {
        "minecraft:trim_type": 0.2
      }
    },
    {
      "model": "norsemc:item/valhalla_shirt_netherite_trim",
      "predicate": {
        "minecraft:trim_type": 0.3
      }
    },
    {
      "model": "norsemc:item/valhalla_shirt_redstone_trim",
      "predicate": {
        "minecraft:trim_type": 0.4
      }
    },
    {
      "model": "norsemc:item/valhalla_shirt_copper_trim",
      "predicate": {
        "minecraft:trim_type": 0.5
      }
    },
    {
      "model": "norsemc:item/valhalla_shirt_gold_trim",
      "predicate": {
        "minecraft:trim_type": 0.6
      }
    },
    {
      "model": "norsemc:item/valhalla_shirt_emerald_trim",
      "predicate": {
        "minecraft:trim_type": 0.7
      }
    },
    {
      "model": "norsemc:item/valhalla_shirt_diamond_trim",
      "predicate": {
        "minecraft:trim_type": 0.8
      }
    },
    {
      "model": "norsemc:item/valhalla_shirt_lapis_trim",
      "predicate": {
        "minecraft:trim_type": 0.9
      }
    },
    {
      "model": "norsemc:item/valhalla_shirt_amethyst_trim",
      "predicate": {
        "minecraft:trim_type": 1.0
      }
    }
  ],
  "textures": {
    "layer0": "norsemc:item/valhalla_shirt"
  }
}