{
	"parent": "minecraft:item/generated",
	"textures": {
		"layer0": "norsemc:item/mjolnir"
	},
	"display": {
		"thirdperson_righthand": {
			"rotation": [168, -90, 180],
			"translation": [0, 6.5, 6.75]
		},
		"thirdperson_lefthand": {
			"rotation": [168, 90, 180],
			"translation": [0, 6.5, 6.75]
		},
		"firstperson_righthand": {
			"rotation": [-75, -97, 0],
			"translation": [-1.25, 4.25, 0],
			"scale": [0.85, 0.85, 0.85]
		},
		"firstperson_lefthand": {
			"rotation": [-75, 97, 0],
			"translation": [-1.25, 4.25, 0],
			"scale": [0.85, 0.85, 0.85]
		},
		"ground": {
			"rotation": [-180, 0, 45],
			"translation": [0, 4.25, 0],
			"scale": [1.5, 1.5, 1.5]
		},
		"gui": {
			"scale": [1.15, 1.15, 1.15]
		},
		"head": {
			"rotation": [11, 90, 0],
			"translation": [0, 13.75, -5.25],
			"scale": [1.25, 1.25, 1.25]
		},
		"fixed": {
			"scale": [1.25, 1.25, 1.25]
		}
	}
}