{
  "parent": "minecraft:recipes/root",
  "criteria": {
    "has_blood_bottle": {
      "conditions": {
        "items": [
          {
            "items": [
              "norsemc:blood_bottle"
            ]
          }
        ]
      },
      "trigger": "minecraft:inventory_changed"
    },
    "has_the_recipe": {
      "conditions": {
        "recipe": "norsemc:bone_steel"
      },
      "trigger": "minecraft:recipe_unlocked"
    }
  },
  "requirements": [
    [
      "has_blood_bottle",
      "has_the_recipe"
    ]
  ],
  "rewards": {
    "recipes": [
      "norsemc:bone_steel"
    ]
  },
  "sends_telemetry_event": false
}