{
  "type": "minecraft:entity",
  "pools": [
    {
      "rolls": 3,
      "entries": [
        {
          "type": "minecraft:item",
          "name": "norsemc:blood_bottle"
        },
        {
          "type": "minecraft:item",
          "name": "minecraft:air"
        }
      ]
    },
    {
      "rolls": 3,
      "entries": [
        {
          "type": "minecraft:item",
          "name": "minecraft:bone"
        },
        {
          "type": "minecraft:item",
          "name": "minecraft:air"
        }
      ]
    },
    {
      "rolls": 2,
      "entries": [
        {
          "type": "minecraft:item",
          "name": "norsemc:fabric"
        }
      ]
    }
  ]
}