{
	"texture_size": [32, 32],
	"textures": {
		"0": "block/mjolnir",
		"particle": "block/mjolnir"
	},
	"elements": [
		{
			"from": [6, 0, 6],
			"to": [10, 9, 10],
			"rotation": {"angle": 0, "axis": "y", "origin": [7, 0, 7]},
			"faces": {
				"north": {"uv": [7.5, 6, 9.5, 10.5], "texture": "#0"},
				"east": {"uv": [9, 0, 11, 4.5], "texture": "#0"},
				"south": {"uv": [3, 9.5, 5, 14], "texture": "#0"},
				"west": {"uv": [9.5, 4.5, 11.5, 9], "texture": "#0"},
				"up": {"uv": [7, 11.5, 5, 9.5], "texture": "#0"},
				"down": {"uv": [11.5, 9, 9.5, 11], "texture": "#0"}
			}
		},
		{
			"from": [3, 9, 5],
			"to": [12, 16, 11],
			"rotation": {"angle": 0, "axis": "y", "origin": [6, 12, 6]},
			"faces": {
				"north": {"uv": [0, 0, 4.5, 3.5], "texture": "#0"},
				"east": {"uv": [4.5, 6, 7.5, 9.5], "texture": "#0"},
				"south": {"uv": [0, 3.5, 4.5, 7], "texture": "#0"},
				"west": {"uv": [0, 7, 3, 10.5], "texture": "#0"},
				"up": {"uv": [9, 3, 4.5, 0], "texture": "#0"},
				"down": {"uv": [9, 3, 4.5, 6], "texture": "#0"}
			}
		}
	],
	"display": {
		"thirdperson_righthand": {
			"rotation": [0, -90, 0],
			"translation": [0, 3, 1],
			"scale": [0.75, 0.75, 0.75]
		},
		"thirdperson_lefthand": {
			"rotation": [0, 90, 0],
			"translation": [0, 3, 1],
			"scale": [0.75, 0.75, 0.75]
		},
		"firstperson_righthand": {
			"rotation": [0, -90, 0]
		},
		"ground": {
			"translation": [0, 2, 0],
			"scale": [0.5, 0.5, 0.5]
		},
		"head": {
			"rotation": [-180, 0, 0],
			"translation": [0, 14.5, 0]
		}
	}
}