{
	"format_version": "1.12.0",
	"minecraft:geometry": [
		{
			"description": {
				"identifier": "geometry.unknown",
				"texture_width": 80,
				"texture_height": 80,
				"visible_bounds_width": 3,
				"visible_bounds_height": 3.5,
				"visible_bounds_offset": [0, 1.25, 0]
			},
			"bones": [
				{
					"name": "bipedHead",
					"pivot": [0, 24, 0]
				},
				{
					"name": "armorHead",
					"parent": "bipedHead",
					"pivot": [0, 24, 0]
				},
				{
					"name": "front",
					"parent": "armorHead",
					"pivot": [0, 24, 0],
					"cubes": [
						{"origin": [-5, 27, -5], "size": [2, 2, 1], "uv": [41, 23]},
						{"origin": [3, 27, -5], "size": [2, 2, 1], "uv": [13, 27]},
						{"origin": [-1, 27, -5], "size": [2, 2, 1], "uv": [0, 6]},
						{"origin": [-5, 24, -5], "size": [10, 3, 1], "uv": [43, 31]}
					]
				},
				{
					"name": "top",
					"parent": "armorHead",
					"pivot": [0, 24, 0],
					"cubes": [
						{"origin": [-5, 32, -5], "size": [10, 1, 10], "uv": [0, 0]},
						{"origin": [-5, 29, 4], "size": [9, 3, 1], "uv": [52, 36]},
						{"origin": [-31, 29, -4], "size": [9, 3, 1], "pivot": [-17, 24, 9], "rotation": [0, -90, 0], "uv": [50, 8]},
						{"origin": [-39, 29, 22], "size": [9, 3, 1], "pivot": [-17, 24, 9], "rotation": [0, 180, 0], "uv": [49, 23]},
						{"origin": [-20, 29, -23], "size": [9, 3, 1], "pivot": [-17, 24, -1], "rotation": [0, -90, 0], "uv": [48, 0]},
						{"origin": [-7, 26, 7], "size": [1, 3, 8], "pivot": [0, 24, 11], "rotation": [0, -90, 0], "uv": [30, 19]}
					]
				},
				{
					"name": "right",
					"parent": "armorHead",
					"pivot": [0, 24, 0],
					"cubes": [
						{"origin": [4, 25, -4], "size": [1, 4, 1], "uv": [5, 0]},
						{"origin": [4, 28, -2], "size": [1, 1, 1], "uv": [31, 3]},
						{"origin": [4, 26, -1], "size": [1, 3, 6], "uv": [39, 53]}
					]
				},
				{
					"name": "left",
					"parent": "armorHead",
					"pivot": [-9, 24, 0],
					"cubes": [
						{"origin": [-5, 25, -4], "size": [1, 4, 1], "uv": [0, 0]},
						{"origin": [-5, 28, -2], "size": [1, 1, 1], "uv": [31, 0]},
						{"origin": [-5, 26, -1], "size": [1, 3, 6], "uv": [52, 47]}
					]
				},
				{
					"name": "bipedBody",
					"pivot": [0, 24, 0]
				},
				{
					"name": "armorBody",
					"parent": "bipedBody",
					"pivot": [0, 24, 0],
					"cubes": [
						{"origin": [-4, 12, -3], "size": [8, 13, 1], "uv": [19, 12]},
						{"origin": [-4, 12, 2], "size": [8, 13, 1], "uv": [0, 12]}
					]
				},
				{
					"name": "bipedLeftArm",
					"pivot": [-4, 22, 0]
				},
				{
					"name": "armorLeftArm",
					"parent": "bipedLeftArm",
					"pivot": [-4, 22, 0],
					"cubes": [
						{"origin": [-8, 19, 2], "size": [4, 5, 1], "uv": [65, 57]},
						{"origin": [-8, 19, -3], "size": [4, 5, 1], "uv": [39, 63]},
						{"origin": [-9, 19, -3], "size": [1, 5, 6], "uv": [0, 44]},
						{"origin": [-9, 24, -3], "size": [5, 1, 6], "uv": [31, 0]}
					]
				},
				{
					"name": "bipedRightArm",
					"pivot": [4, 22, 0]
				},
				{
					"name": "armorRightArm",
					"parent": "bipedRightArm",
					"pivot": [16, 22, 0],
					"cubes": [
						{"origin": [4, 24, -2], "size": [4, 1, 4], "uv": [11, 55]},
						{"origin": [8, 19, -3], "size": [1, 6, 6], "uv": [43, 40]},
						{"origin": [4, 19, 2], "size": [4, 6, 1], "uv": [61, 41]},
						{"origin": [4, 19, -3], "size": [4, 6, 1], "uv": [11, 61]}
					]
				},
				{
					"name": "bipedLeftLeg",
					"pivot": [-2, 12, 0]
				},
				{
					"name": "armorLeftLeg",
					"parent": "bipedLeftLeg",
					"pivot": [3, 12, 0],
					"cubes": [
						{"origin": [0, 4, -3], "size": [4, 8, 1], "uv": [56, 13]},
						{"origin": [0, 4, 2], "size": [4, 8, 1], "uv": [0, 56]},
						{"origin": [4, 4, -3], "size": [1, 8, 6], "uv": [34, 31]}
					]
				},
				{
					"name": "armorLeftBoot",
					"parent": "bipedLeftLeg",
					"pivot": [-2, 12, 0],
					"cubes": [
						{"origin": [0, 0, -3], "size": [4, 4, 1], "uv": [66, 28]},
						{"origin": [0, 0, 2], "size": [4, 4, 1], "uv": [0, 66]},
						{"origin": [4, 0, -3], "size": [1, 4, 6], "uv": [30, 47]}
					]
				},
				{
					"name": "bipedRightLeg",
					"pivot": [2, 12, 0]
				},
				{
					"name": "armorRightLeg",
					"parent": "bipedRightLeg",
					"pivot": [2, 12, 0],
					"cubes": [
						{"origin": [-4, 4, -3], "size": [4, 8, 1], "uv": [28, 58]},
						{"origin": [-4, 4, 2], "size": [4, 8, 1], "uv": [54, 57]},
						{"origin": [-5, 4, -3], "size": [1, 8, 6], "uv": [41, 8]}
					]
				},
				{
					"name": "armorRightBoot",
					"parent": "bipedRightLeg",
					"pivot": [2, 12, 0],
					"cubes": [
						{"origin": [-4, 0, -3], "size": [4, 4, 1], "uv": [65, 64]},
						{"origin": [-4, 0, 2], "size": [4, 4, 1], "uv": [9, 44]},
						{"origin": [-5, 0, -3], "size": [1, 4, 6], "uv": [15, 44]}
					]
				}
			]
		}
	]
}