{
  "type": "minecraft:entity",
  "pools": [
    {
      "rolls": 3,
      "entries": [
        {
          "type": "minecraft:item",
          "name": "norsemc:blood_bottle"
        },
        {
          "rolls": 3,
          "entries": [
            {
              "type": "minecraft:item",
              "name": "minecraft:bone"
            },
            {
              "type": "minecraft:item",
              "name": "minecraft:air"
            }
          ]
        },
        {
          "type": "minecraft:item",
          "name": "minecraft:air"
        }
      ]
    }
  ]
}